ShowGUID,ShowName,ShowDate,Location,ArchiveURL
725431b8-e510-4d82-8153-5efc79b7707f,CITRUS SERIES II,,"Jan 13, 2015",https://web.archive.org/web/20141230063824/http://horseshowsonline.com/ShowSelector.aspx
39197196-fdbc-46ea-8c35-1fd83102a11e,AGS JANUARY VHSA SHOW,,"Jan 10, 2015",https://web.archive.org/web/20141230063824/http://horseshowsonline.com/ShowSelector.aspx
75eefb78-91cb-4f1e-bd5f-b122f0b4472b,THE BARRACKS JANUARY II,,"Jan 08, 2015",https://web.archive.org/web/20141230063824/http://horseshowsonline.com/ShowSelector.aspx
618e18ea-cfd3-46fa-a1a8-c0bc3c76e33c,PENSACOLA WINTER PREMIER I,,"Jan 07, 2015",https://web.archive.org/web/20141230063824/http://horseshowsonline.com/ShowSelector.aspx
b2b1829e-8865-47da-8d8f-e0c83fa5f530,CITRUS SERIES I,,"Jan 06, 2015",https://web.archive.org/web/20141230063824/http://horseshowsonline.com/ShowSelector.aspx
f923649c-1b87-4e2d-a73e-28b1f43ccbb3,THE BARRACKS JANUARY I,,"Jan 02, 2015",https://web.archive.org/web/20141230063824/http://horseshowsonline.com/ShowSelector.aspx
c63d81e5-124c-4711-94fa-823cac1dbcb1,RALEIGH INDOORS HOLIDAY CLASSIC,,"Dec 28, 2014",https://web.archive.org/web/20141230063824/http://horseshowsonline.com/ShowSelector.aspx
edbb4332-6a49-4fda-96f6-5f71fb545338,AMAZING GRACE STABLE VHSA ASSOCIATE CHRISTMAS SHOW,,"Dec 27, 2014",https://web.archive.org/web/20141230063824/http://horseshowsonline.com/ShowSelector.aspx
8ad841d0-388a-4485-b413-d7006a493fae,OLD SALEM 2014 DEC,,"Dec 23, 2014",https://web.archive.org/web/20141230063824/http://horseshowsonline.com/ShowSelector.aspx
d1dcb0fd-a834-4b81-8b18-2ad88389f381,JUST FOR FUN DEC & COMBINED TRAINING,,"Dec 20, 2014",https://web.archive.org/web/20141230063824/http://horseshowsonline.com/ShowSelector.aspx
a72467e9-dd3d-4a94-a521-823624e028cd,GARDNERTOWN FARM DECII USEF A SHOW,,"Dec 19, 2014",https://web.archive.org/web/20141230063824/http://horseshowsonline.com/ShowSelector.aspx
4f236d36-81be-4d77-9982-29a283ca08bb,DECEMBER OPEN H/J SCHOOLING SHOW,,"Dec 13, 2014",https://web.archive.org/web/20141230063824/http://horseshowsonline.com/ShowSelector.aspx
eb26d899-4c23-4086-96ad-b0f69f293676,CFI SCEC 12-13-2014,,"Dec 13, 2014",https://web.archive.org/web/20141230063824/http://horseshowsonline.com/ShowSelector.aspx
19bd618f-52f8-4813-9537-9f4c942421b7,PSJ MULLET HALL HOLIDAY CLASSIC,,"Dec 13, 2014",https://web.archive.org/web/20141230063824/http://horseshowsonline.com/ShowSelector.aspx
723f0e0f-9067-4467-be2a-eed9b7cb74dc,GARDNERTOWN FARM DEC I,,"Dec 12, 2014",https://web.archive.org/web/20141230063824/http://horseshowsonline.com/ShowSelector.aspx
1db9b6e3-870e-46b2-bb07-81fd4a1808f4,DECEMBER CLASSIC II,,"Dec 11, 2014",https://web.archive.org/web/20141230063824/http://horseshowsonline.com/ShowSelector.aspx
2b883e58-b5da-4492-a731-e86f7735eff7,THE BARRACKS DECEMBER,,"Dec 11, 2014",https://web.archive.org/web/20141230063824/http://horseshowsonline.com/ShowSelector.aspx
091f5a5c-c2d8-453b-9611-a40726036ead,EMERALD COAST CLASSIC II,,"Dec 11, 2014",https://web.archive.org/web/20141230063824/http://horseshowsonline.com/ShowSelector.aspx
c7ee07ae-b29c-4644-ba09-7d5a0c5f55c3,CHRISTMAS SHOW,,"Dec 10, 2014",https://web.archive.org/web/20141230063824/http://horseshowsonline.com/ShowSelector.aspx
a160c150-1f6a-4cc7-9158-89fcd41d8c27,OX RIDGE DECEMBER,,"Dec 06, 2014",https://web.archive.org/web/20141230063824/http://horseshowsonline.com/ShowSelector.aspx
f4f9c265-6607-429f-ad70-e1af079c8557,SCHJA PALMETTO MEDAL & DERBY FINALS,,"Dec 05, 2014",https://web.archive.org/web/20141230063824/http://horseshowsonline.com/ShowSelector.aspx
c032406c-dfa6-441e-afd1-5c1ec1ba23e1,CAROLINA HORSE PARK HOLIDAY CLASSIC,,"Dec 04, 2014",https://web.archive.org/web/20141230063824/http://horseshowsonline.com/ShowSelector.aspx
9adeee27-096c-4639-ae1c-b44f1d13af12,DECEMBER CLASSIC I,,"Dec 04, 2014",https://web.archive.org/web/20141230063824/http://horseshowsonline.com/ShowSelector.aspx
03a3210e-ad11-44f3-8e18-5fada8f53a3b,THANKSGIVING SHOW,,"Dec 03, 2014",https://web.archive.org/web/20141230063824/http://horseshowsonline.com/ShowSelector.aspx
61d7d77e-2d72-45da-b726-08e3d6149457,EMERALD COAST CLASSIC I,,"Dec 03, 2014",https://web.archive.org/web/20141230063824/http://horseshowsonline.com/ShowSelector.aspx
9768d751-41c2-489d-98cf-737a164d541b,TB SCHOOLING SHOW,,"Nov 30, 2014",https://web.archive.org/web/20141230063824/http://horseshowsonline.com/ShowSelector.aspx
326027a7-3057-4469-861e-c7dc983f3697,OLD SALEM NOVEMBER 29,,"Nov 29, 2014",https://web.archive.org/web/20141230063824/http://horseshowsonline.com/ShowSelector.aspx
6c83a2ca-c82e-467d-959d-8d637dadb79f,OLD SALEM FARM NOV 22-23,,"Nov 22, 2014",https://web.archive.org/web/20141230063824/http://horseshowsonline.com/ShowSelector.aspx
0b15ba3f-62ee-42ec-bac0-d2f50f79059a,FALL HARVEST/FALL FINALE HORSE SHOW,,"Nov 22, 2014",https://web.archive.org/web/20141230063824/http://horseshowsonline.com/ShowSelector.aspx
ccb5fa45-8f20-4a96-b85c-8401bdc43519,CAROLINA SUMMER CIRCUIT CHAMPIONSHIP HORSE SHOW,,"Nov 22, 2014",https://web.archive.org/web/20141230063824/http://horseshowsonline.com/ShowSelector.aspx
28c21fda-9cda-4123-a634-bf058cd63efd,COASTAL HUNTER JUMPER NOV,,"Nov 22, 2014",https://web.archive.org/web/20141230063824/http://horseshowsonline.com/ShowSelector.aspx
aa5d671a-2543-4708-bbf0-0fe65129b64e,NOVEMBER OPEN H/J SHOW II,,"Nov 22, 2014",https://web.archive.org/web/20141230063824/http://horseshowsonline.com/ShowSelector.aspx
ced7eadc-652c-40e0-a1ca-af68c1a795d3,2014 HJEO FALL FINALE,,"Nov 20, 2014",https://web.archive.org/web/20141230063824/http://horseshowsonline.com/ShowSelector.aspx
ab1c0274-3314-4d2d-81ca-0210f0ffe75c,OLD SALEM FARM NOV 16,,"Nov 16, 2014",https://web.archive.org/web/20141230063824/http://horseshowsonline.com/ShowSelector.aspx
6f4f1987-53ab-40d1-93c7-e6451a4004da,JUST FOR FUN NOVEMBER,,"Nov 16, 2014",https://web.archive.org/web/20141230063824/http://horseshowsonline.com/ShowSelector.aspx
f5a02998-91bf-414e-8243-98957eb04aa8,NQHL DERBY FINALS - AT AQHA WORLD,,"Nov 16, 2014",https://web.archive.org/web/20141230063824/http://horseshowsonline.com/ShowSelector.aspx
71777095-b648-4f04-8990-f39b638f1b8c,GARDNERTOWN FARM USEF C RATED NOV II HORSE SHOW,,"Nov 15, 2014",https://web.archive.org/web/20141230063824/http://horseshowsonline.com/ShowSelector.aspx
b702d9fa-3555-4055-b300-361bc2d12a1f,IM NOT GOING TO THE FINALS HORSE SHOW,,"Nov 15, 2014",https://web.archive.org/web/20141230063824/http://horseshowsonline.com/ShowSelector.aspx
269af0fa-85d2-4aea-b9fa-2c540dc65e3f,GHJA GRAND FINALE AND FINALS,,"Nov 14, 2014",https://web.archive.org/web/20141230063824/http://horseshowsonline.com/ShowSelector.aspx
a109ee9b-c043-4548-99ca-ed9dea199903,VHSA ASSOCIATES CHAMPIONSHIP HORSE SHOW,,"Nov 13, 2014",https://web.archive.org/web/20141230063824/http://horseshowsonline.com/ShowSelector.aspx
92afc41d-ec7c-404e-8eb2-0fc449725995,FOX LEA FARM NOVEMBER NATIONAL,,"Nov 13, 2014",https://web.archive.org/web/20141230063824/http://horseshowsonline.com/ShowSelector.aspx
55753249-fc26-48e3-9f6f-96e45993cdf7,FINAL CHASE,,"Nov 12, 2014",https://web.archive.org/web/20141230063824/http://horseshowsonline.com/ShowSelector.aspx
d74ebd61-e455-4a32-8dda-e53e35a7c351,ATLANTA FALL CLASSIC II,,"Nov 12, 2014",https://web.archive.org/web/20141230063824/http://horseshowsonline.com/ShowSelector.aspx
5a6781a8-da42-43d1-ae0c-fbd3c972f93a,UPHA AMERICAN ROYAL NATIONAL CHAMPIONSHIP,,"Nov 11, 2014",https://web.archive.org/web/20141230063824/http://horseshowsonline.com/ShowSelector.aspx
abbcf755-6e21-461e-b449-62bd82c335f8,STEPPING STONE FARM NOV 9,,"Nov 09, 2014",https://web.archive.org/web/20141230063824/http://horseshowsonline.com/ShowSelector.aspx
fc0a5a8c-9da0-4c7e-a426-0c9d467728fd,"OLD SALEM FARM NOV 8, 2014",,"Nov 08, 2014",https://web.archive.org/web/20141230063824/http://horseshowsonline.com/ShowSelector.aspx
c9fcac3e-8532-4571-9ae1-6a622a153bcc,LAWTON STABLES FALL CHC SHOW,,"Nov 08, 2014",https://web.archive.org/web/20141230063824/http://horseshowsonline.com/ShowSelector.aspx
ab6e4812-b565-4059-a20f-e79a6bb0591f,CAMDEN FALL CALSSIC,,"Nov 08, 2014",https://web.archive.org/web/20141230063824/http://horseshowsonline.com/ShowSelector.aspx
06b0d1e4-0646-4432-857d-83cd094a93b0,2014 CLEMSON FALL CLASSIC HORSE SHOW,,"Nov 07, 2014",https://web.archive.org/web/20141230063824/http://horseshowsonline.com/ShowSelector.aspx
59c369c5-6c94-424a-a725-a7e85db98672,SWVHJA ANNUAL HORSE SHOW,,"Nov 07, 2014",https://web.archive.org/web/20141230063824/http://horseshowsonline.com/ShowSelector.aspx
45244cef-176f-4bb6-9b54-df1892053ce7,HARVEST TIME,,"Nov 06, 2014",https://web.archive.org/web/20141230063824/http://horseshowsonline.com/ShowSelector.aspx
b2859516-2a56-457c-8998-849f28f40fbc,GSEC AUTUMN CLASSIC,,"Nov 05, 2014",https://web.archive.org/web/20141230063824/http://horseshowsonline.com/ShowSelector.aspx
9c077833-79a6-46f6-af5d-77d438d2dd53,TUCSON FALL CLASSIC - WEEK 2,,"Nov 05, 2014",https://web.archive.org/web/20141230063824/http://horseshowsonline.com/ShowSelector.aspx
e0de1c3b-f8aa-4f39-8e4c-532ef57c21d9,ATLANTA FALL CLASSIC I,,"Nov 05, 2014",https://web.archive.org/web/20141230063824/http://horseshowsonline.com/ShowSelector.aspx
90f20dc0-2bbd-465e-917b-c8716f870194,JUMP FOR THE CHILDREN 2014,,"Nov 04, 2014",https://web.archive.org/web/20141230063824/http://horseshowsonline.com/ShowSelector.aspx
2a7e472d-35be-4923-9806-ec6e1b4a6221,FIRESIDE FARM CLASSIC,,"Nov 02, 2014",https://web.archive.org/web/20141230063824/http://horseshowsonline.com/ShowSelector.aspx
30c6d09e-06a8-4674-91c7-1ae77cc3df55,"NOV 2, 2014(CDHJC/TCRA)",,"Nov 02, 2014",https://web.archive.org/web/20141230063824/http://horseshowsonline.com/ShowSelector.aspx
c4229ef1-faab-4719-b5b9-48a6b624d4ff,SWEET BRIAR FALL HORSE SHOW,,"Nov 02, 2014",https://web.archive.org/web/20141230063824/http://horseshowsonline.com/ShowSelector.aspx
0e75acb0-a7ad-4c27-af92-6b7ec506503e,HALLOWEEN HARVEST,,"Nov 01, 2014",https://web.archive.org/web/20141230063824/http://horseshowsonline.com/ShowSelector.aspx
d47469b4-97df-48ab-a29b-ff7ca384072e,GARDNERTOWN FARM USEF C RATED NOV I HORSE SHOW,,"Nov 01, 2014",https://web.archive.org/web/20141230063824/http://horseshowsonline.com/ShowSelector.aspx
3c6a97af-a63f-4622-a525-4878e4a17e2e,TRIMBLES RIDGE HORSE SHOW,,"Nov 01, 2014",https://web.archive.org/web/20141230063824/http://horseshowsonline.com/ShowSelector.aspx
718c7661-8b97-4cf7-b2f5-9f16f23afc67,CADENCE FALL FEST SCHOOLING SHOW,,"Nov 01, 2014",https://web.archive.org/web/20141230063824/http://horseshowsonline.com/ShowSelector.aspx
3c54edfa-606b-4be3-8fed-6289d13f2ecb,NOVEMBER OPEN H/J SHOW,,"Nov 01, 2014",https://web.archive.org/web/20141230063824/http://horseshowsonline.com/ShowSelector.aspx
6df4f931-4666-4909-a17f-9b63772b59d7,HORSE SHOW VENTURES NOVEMBER,,"Nov 01, 2014",https://web.archive.org/web/20141230063824/http://horseshowsonline.com/ShowSelector.aspx
2c4e4bff-2c45-4df3-9178-cff16e18a40d,PSJ MEDAL FINALS,,"Oct 31, 2014",https://web.archive.org/web/20141230063824/http://horseshowsonline.com/ShowSelector.aspx
4b71ffcc-f2cc-4b01-b773-e5d9e82ebc38,MEGFORD 4,,"Oct 31, 2014",https://web.archive.org/web/20141230063824/http://horseshowsonline.com/ShowSelector.aspx
1b837a8d-18a3-471e-ae11-fbfa0e98e70d,TRIANGLE FARMS C FALL INDOORS,,"Oct 31, 2014",https://web.archive.org/web/20141230063824/http://horseshowsonline.com/ShowSelector.aspx
44f67012-36e6-4743-bf07-eede869619b4,SHJG 2014 FINALS,,"Oct 31, 2014",https://web.archive.org/web/20141230063824/http://horseshowsonline.com/ShowSelector.aspx
00cd1da8-a47c-4528-ba36-ea3fb10a1a83,TRYON FOOTHILLS CLASSIC,,"Oct 29, 2014",https://web.archive.org/web/20141113161735/http://horseshowsonline.com/ShowSelector.aspx
7124ad9b-b8d8-4e8b-870d-94850b15d62f,TUCSON FALL FESTIVAL - WEEK 1,,"Oct 29, 2014",https://web.archive.org/web/20141113161735/http://horseshowsonline.com/ShowSelector.aspx
5d252a24-37b7-476b-8eee-f604598da920,DALLAS HARVEST,,"Oct 29, 2014",https://web.archive.org/web/20141113161735/http://horseshowsonline.com/ShowSelector.aspx
b0933a95-ed4b-4a7b-a46f-50545dde2d85,JUST FOR FUN OCTOBER,,"Oct 26, 2014",https://web.archive.org/web/20141113161735/http://horseshowsonline.com/ShowSelector.aspx
37ef52d7-c55a-4116-b870-bb6bb2ac7247,DOGWOOD HUNTER JUMPER CIRCUIT - ESH - OCT 2014,,"Oct 25, 2014",https://web.archive.org/web/20141113161735/http://horseshowsonline.com/ShowSelector.aspx
331f7c3f-2a9b-45fc-a5b1-5827a49df10b,PIMA CUP FALL HORSE SHOW,,"Oct 25, 2014",https://web.archive.org/web/20141113161735/http://horseshowsonline.com/ShowSelector.aspx
0e1c3922-7e64-41b7-9910-f794bcd2c9d6,THE RANDOLPH COLLEGE FALL FESTIVAL,,"Oct 25, 2014",https://web.archive.org/web/20141113161735/http://horseshowsonline.com/ShowSelector.aspx
55976dfb-598b-4b3d-b55a-d1dae0d30fa1,LONE STAR OCT SCHOOLING,,"Oct 25, 2014",https://web.archive.org/web/20141113161735/http://horseshowsonline.com/ShowSelector.aspx
b39b7c2d-eec0-4f00-a6f9-28e00c80b675,OLD SALEM FARM,,"Oct 25, 2014",https://web.archive.org/web/20141113161735/http://horseshowsonline.com/ShowSelector.aspx
64652b28-d326-4de2-831e-cd655d64aa50,BROWNWOOD HALLOWEEN,,"Oct 25, 2014",https://web.archive.org/web/20141113161735/http://horseshowsonline.com/ShowSelector.aspx
8d549baf-2d6d-4ac0-82c8-86bd36181455,KJM FALL SCHOOLING SHOW,,"Oct 25, 2014",https://web.archive.org/web/20141113161735/http://horseshowsonline.com/ShowSelector.aspx
675d9333-cde2-43fa-9a95-cb6dc3bd70bd,HALLOWEEN SHOW 2014,,"Oct 25, 2014",https://web.archive.org/web/20141113161735/http://horseshowsonline.com/ShowSelector.aspx
fe9e1427-2cb0-4d9c-afb0-54a7a463a221,BRHJA CLASSIC HORSE SHOW,,"Oct 25, 2014",https://web.archive.org/web/20141113161735/http://horseshowsonline.com/ShowSelector.aspx
b20ab259-55ef-4ddb-8e4b-82a10050a43c,THE GREENSBORO HAUNTED CLASSIC,,"Oct 24, 2014",https://web.archive.org/web/20141113161735/http://horseshowsonline.com/ShowSelector.aspx
be62b19d-0981-46d6-8e9d-c6d2e825c78a,ARIZONA SADDLEBRED FUTURITY HORSE SHOW,,"Oct 24, 2014",https://web.archive.org/web/20141113161735/http://horseshowsonline.com/ShowSelector.aspx
7327020a-64c7-462f-8b71-64fbd095be86,TEXAS FALL CLASSIC,,"Oct 23, 2014",https://web.archive.org/web/20141113161735/http://horseshowsonline.com/ShowSelector.aspx
ffe679c8-6d51-48e6-9ad9-993a1e76c9db,BROWNLAND AUTUMN CLASSIC,,"Oct 22, 2014",https://web.archive.org/web/20141113161735/http://horseshowsonline.com/ShowSelector.aspx
da460765-bd7f-4fb6-a3fc-941361c0c865,VHSA ASSOCIATE JUMPER SHOW 10-19-2014,,"Oct 19, 2014",https://web.archive.org/web/20141113161735/http://horseshowsonline.com/ShowSelector.aspx
4d3e91b8-1754-45c2-a40e-e6228f49a26c,ZONE 2 HUNTER FINALS,,"Oct 19, 2014",https://web.archive.org/web/20141113161735/http://horseshowsonline.com/ShowSelector.aspx
bdea0ebb-88c1-408a-8817-7162541fc92e,H&H FALL 2014,,"Oct 18, 2014",https://web.archive.org/web/20141113161735/http://horseshowsonline.com/ShowSelector.aspx
a1aec7b6-8b91-4593-8583-8c360c5a89e0,GARDNERTOWN FARM C RATED OCTOBER 18 HORSE SHOW,,"Oct 18, 2014",https://web.archive.org/web/20141113161735/http://horseshowsonline.com/ShowSelector.aspx
43469d7d-be1f-4738-84a5-2bcf7740a6a4,PMHA FALL HARVEST HORSE SHOW,,"Oct 18, 2014",https://web.archive.org/web/20141113161735/http://horseshowsonline.com/ShowSelector.aspx
dda1d39e-cb7d-49bb-a01b-9ce2a5be3662,PREMIER HJ FALL SHOW AT DOUBLE RAINBOW FARM,,"Oct 18, 2014",https://web.archive.org/web/20141113161735/http://horseshowsonline.com/ShowSelector.aspx
c02d2426-b4c6-4c62-ba7a-ab618dcb1257,EVERMORE FARM FALL CHC,,"Oct 18, 2014",https://web.archive.org/web/20141113161735/http://horseshowsonline.com/ShowSelector.aspx
2b084bc4-db30-462a-aeba-e71b158f0923,SONRISE FALL SCHOOLING SHOW,,"Oct 18, 2014",https://web.archive.org/web/20141113161735/http://horseshowsonline.com/ShowSelector.aspx
d0795ba6-d31e-4881-a4c6-edb9247bdfac,PREMIER HUNTER JUMPER FALL SHOW AT DRF,,"Oct 18, 2014",https://web.archive.org/web/20141113161735/http://horseshowsonline.com/ShowSelector.aspx
6dc594b9-dcf7-495c-b97f-d034e27b1225,MILL CREEK FALL HORSE SHOW,,"Oct 18, 2014",https://web.archive.org/web/20141113161735/http://horseshowsonline.com/ShowSelector.aspx
58cc3102-a107-48d7-a0a3-0bf0a0a8588a,H.J. FOX HALLOWEEN CLASSICS I & II,,"Oct 17, 2014",https://web.archive.org/web/20141113161735/http://horseshowsonline.com/ShowSelector.aspx
21a01c96-b409-42ef-ace1-1d9c9345bbeb,BRITANNIA FARM FALL CLASSIC,,"Oct 16, 2014",https://web.archive.org/web/20141113161735/http://horseshowsonline.com/ShowSelector.aspx
73c9c77c-bac7-4d91-9b5b-9c2d1ffab858,NC STATE FAIR BREED SHOW - 2014,,"Oct 16, 2014",https://web.archive.org/web/20141113161735/http://horseshowsonline.com/ShowSelector.aspx
f5ee8619-848e-4728-83fe-4196bfe15ea0,SOUTHERN SADDLEBRED FALL FINALE,,"Oct 16, 2014",https://web.archive.org/web/20141113161735/http://horseshowsonline.com/ShowSelector.aspx
bf43f22a-d97f-4e52-8deb-4321c6eb09fd,BROWNLAND AUTUMN COUNTRY,,"Oct 15, 2014",https://web.archive.org/web/20141113161735/http://horseshowsonline.com/ShowSelector.aspx
13f515f2-7f19-4e4b-8653-6cd8b8b40f8e,THE AMERICAN ROYAL HUNTER/JUMPER A-RATED,,"Oct 14, 2014",https://web.archive.org/web/20141113161735/http://horseshowsonline.com/ShowSelector.aspx
47095067-4c6b-4cf9-9e04-2350fa40e49f,CHASE MEADOWS FARM,,"Oct 13, 2014",https://web.archive.org/web/20141113161735/http://horseshowsonline.com/ShowSelector.aspx
00d1df51-d2ef-4539-9923-6ae454969d53,GREENSBORO FALL I AND II,,"Oct 11, 2014",https://web.archive.org/web/20141113161735/http://horseshowsonline.com/ShowSelector.aspx
41c4d875-ed04-44dc-a223-6f4f7868c16f,PSJ OKTOBERFEST,,"Oct 11, 2014",https://web.archive.org/web/20141113161735/http://horseshowsonline.com/ShowSelector.aspx
ad2c96f4-5c09-496e-a80c-cd66c2d8031e,EQUINE VENTURES UNLIMITED IIII,,"Oct 11, 2014",https://web.archive.org/web/20141113161735/http://horseshowsonline.com/ShowSelector.aspx
6edba19e-232a-4ef7-b0d5-e9b28d0c69ec,HJEO BENEFIT SCHOOLING SHOW,,"Oct 11, 2014",https://web.archive.org/web/20141113161735/http://horseshowsonline.com/ShowSelector.aspx
da2b3ef3-b030-45fa-9a98-65f86aea917c,PARADISE FOUND SHOW,,"Oct 11, 2014",https://web.archive.org/web/20141113161735/http://horseshowsonline.com/ShowSelector.aspx
6e5520ad-3a82-4365-bc07-b1f82df14398,HOUSE MOUNTAIN FALL HORSE SHOW II,,"Oct 11, 2014",https://web.archive.org/web/20141113161735/http://horseshowsonline.com/ShowSelector.aspx
9e2a9ff3-9ee3-417e-88de-2f2a6057de30,OCTOBER OPEN H/J SHOW,,"Oct 11, 2014",https://web.archive.org/web/20141113161735/http://horseshowsonline.com/ShowSelector.aspx
abc45186-6a70-47b1-b008-0bc928461ee0,THJA ANNUAL SHOW 2014,,"Oct 10, 2014",https://web.archive.org/web/20141113161735/http://horseshowsonline.com/ShowSelector.aspx
4f8149f9-136a-4fdc-a901-32adbb58a617,ELITE SHOW JUMPING FINALS,,"Oct 10, 2014",https://web.archive.org/web/20141113161735/http://horseshowsonline.com/ShowSelector.aspx
69330e19-415a-46be-aff3-c979307a8f7a,BLUE RIBBON FALL CLASSIC,,"Oct 10, 2014",https://web.archive.org/web/20141113161735/http://horseshowsonline.com/ShowSelector.aspx
7f34c4f5-871d-4a6a-bb3f-fc863df5cb26,KVHA 2014 CHAMPIONSHIP SHOW,,"Oct 10, 2014",https://web.archive.org/web/20141113161735/http://horseshowsonline.com/ShowSelector.aspx
52a0cb66-e47e-4150-b514-e04d9bff26ea,FALL FUN,,"Oct 09, 2014",https://web.archive.org/web/20141113161735/http://horseshowsonline.com/ShowSelector.aspx
9b28b4d9-76ae-49b3-b5a7-388fb1ae80fd,PENNSYLVANIA NATIONAL 2014,,"Oct 09, 2014",https://web.archive.org/web/20141113161735/http://horseshowsonline.com/ShowSelector.aspx
b266efe9-a582-4792-8556-7f3b17003862,2014 WORLD PERCHERON CONGRESS,,"Oct 06, 2014",https://web.archive.org/web/20141113161735/http://horseshowsonline.com/ShowSelector.aspx
94134c14-943a-4db3-9a1a-80f8914fd2c1,FALCON RIDGE FALL II,,"Oct 05, 2014",https://web.archive.org/web/20141113161735/http://horseshowsonline.com/ShowSelector.aspx
e9bb1720-7569-4826-86fb-b43f9f7015f8,VHSA ASSOCIATE HUNTER SHOW 10/4/2014,,"Oct 04, 2014",https://web.archive.org/web/20141113161735/http://horseshowsonline.com/ShowSelector.aspx
94fffb1b-43b0-4cdb-a723-96731f347841,FALL FUN,,"Oct 04, 2014",https://web.archive.org/web/20141113161735/http://horseshowsonline.com/ShowSelector.aspx
0dd9bf63-abb5-46f7-9e1b-dca20ed19e7c,FAREWELL FARM FALL 2014 SCHOOLING SHOW & DERBY DAY,,"Oct 04, 2014",https://web.archive.org/web/20141113161735/http://horseshowsonline.com/ShowSelector.aspx
7b2a45db-480d-4b20-bdc3-dd8668049364,FANTASY SCHOOLING SHOW FINALE,,"Oct 04, 2014",https://web.archive.org/web/20141113161735/http://horseshowsonline.com/ShowSelector.aspx
f0738da2-e471-4246-8267-c0e92f61d217,HOLLINS UNIVERSITY FALL HORSE SHOW,,"Oct 04, 2014",https://web.archive.org/web/20141113161735/http://horseshowsonline.com/ShowSelector.aspx
d6560b62-bc23-4fd0-abff-dd66d648be64,BROWNLAND NO FRILLS IV,,"Oct 04, 2014",https://web.archive.org/web/20141113161735/http://horseshowsonline.com/ShowSelector.aspx
f29c4a98-f047-4f1c-8436-5ddf722198e5,STEPPING STONE FARM,,"Oct 04, 2014",https://web.archive.org/web/20141113161735/http://horseshowsonline.com/ShowSelector.aspx
af6d1552-056d-404e-b097-9c08ce38e693,PSJ AIKEN FALL CLASSIC,,"Oct 04, 2014",https://web.archive.org/web/20141113161735/http://horseshowsonline.com/ShowSelector.aspx
4c88f7f2-c26c-4e50-ad76-98af5f66cd73,BLUE RIBBON FALL,,"Oct 03, 2014",https://web.archive.org/web/20141113161735/http://horseshowsonline.com/ShowSelector.aspx
60c15e6a-1cd9-4c78-8ed4-952b582df10c,NTASHA UPHA FALL CLASSIC,,"Oct 02, 2014",https://web.archive.org/web/20141113161735/http://horseshowsonline.com/ShowSelector.aspx
b3e9d81b-b163-4975-bbc7-ff2983013978,KENTUCKY FALL CLASSIC,,"Oct 01, 2014",https://web.archive.org/web/20141113161735/http://horseshowsonline.com/ShowSelector.aspx
6fda9422-5353-4fbb-8663-7068cab9158a,THE N.C. STATE FAIR H/J HORSE SHOW #5391,,"Oct 01, 2014",https://web.archive.org/web/20141113161735/http://horseshowsonline.com/ShowSelector.aspx
20f497d4-40b4-49de-a8dc-6ff700bd18cd,LOUISIANA FALL CLASSIC II,,"Oct 01, 2014",https://web.archive.org/web/20141113161735/http://horseshowsonline.com/ShowSelector.aspx
d1f65907-a368-4266-a9b7-fa387c670244,DOGWOOD HUNTER JUMPER CIRCUIT - ESH - SEPT 2014,,"Sep 27, 2014",https://web.archive.org/web/20141113161735/http://horseshowsonline.com/ShowSelector.aspx
76844527-01ba-4541-b5c2-8a2391e04934,GARDNERTOWN FARM USEF C RATED SEPT II HORSE SHOW,,"Sep 27, 2014",https://web.archive.org/web/20141113161735/http://horseshowsonline.com/ShowSelector.aspx
a8ccfe2e-af63-4f08-95e2-d7bb67158c0e,GARDNERTOWN FARM SEPT II C RATED USEF HORSE SHOW,,"Sep 27, 2014",https://web.archive.org/web/20141113161735/http://horseshowsonline.com/ShowSelector.aspx
bae06935-988b-49b4-9605-da72ec03f4c3,CHF SCEC 9-27-2014,,"Sep 27, 2014",https://web.archive.org/web/20141113161735/http://horseshowsonline.com/ShowSelector.aspx
95c88c1a-a278-4077-a6ad-6963167fab9d,GLENMORE HUNT PONY CLUB ANNUAL HORSE SHOW,,"Sep 27, 2014",https://web.archive.org/web/20141113161735/http://horseshowsonline.com/ShowSelector.aspx
141e2183-fbf6-461c-9817-a51099b02f08,JUST FOR FUN SEPTEMBER,,"Sep 27, 2014",https://web.archive.org/web/20141113161735/http://horseshowsonline.com/ShowSelector.aspx
ad2a2fd7-73ed-4a1d-9f51-032c3c49af04,CHERYL & CO FALL III & IV,,"Sep 27, 2014",https://web.archive.org/web/20141113161735/http://horseshowsonline.com/ShowSelector.aspx
d6c808c3-a0b2-4850-9317-c5515968f538,ON THE BIT FALL CLASSIC,,"Sep 27, 2014",https://web.archive.org/web/20141113161735/http://horseshowsonline.com/ShowSelector.aspx
375fb2ed-b7cc-4db8-b72f-256ef236891e,CADENCE SEPTEMBER SCHOOLING SHOW,,"Sep 27, 2014",https://web.archive.org/web/20141113161735/http://horseshowsonline.com/ShowSelector.aspx
0f7b46d6-10cc-493b-82f4-cfc94d2d7ebd,TRIANGLE FARMS C FALL CLASSIC,,"Sep 26, 2014",https://web.archive.org/web/20141113161735/http://horseshowsonline.com/ShowSelector.aspx
f5586fb9-8244-49d1-9e8b-66dc916418b5,OLD SALEM FARM,,"Sep 26, 2014",https://web.archive.org/web/20141113161735/http://horseshowsonline.com/ShowSelector.aspx
f2c3bfe1-855b-4cb6-bd5d-70bd7ada043a,SPRINGFIELD CHARITY HORSE SHOW,,"Sep 26, 2014",https://web.archive.org/web/20141113161735/http://horseshowsonline.com/ShowSelector.aspx
1d6bebc9-1382-46b5-9c15-c254d7a80e3b,OZARK HEARTLAND ARABIAN FALL CLASSIC I & II,,"Sep 25, 2014",https://web.archive.org/web/20141113161735/http://horseshowsonline.com/ShowSelector.aspx
bf5c17a4-9a9b-4563-ad75-285629af9c41,GSEC FALL CLASSIC,,"Sep 25, 2014",https://web.archive.org/web/20141113161735/http://horseshowsonline.com/ShowSelector.aspx
3bd32c61-5d3d-49bc-bae7-7f1afe0ce567,BIG E DRAFT HORSE SHOW,,"Sep 25, 2014",https://web.archive.org/web/20141113161735/http://horseshowsonline.com/ShowSelector.aspx
b9264ea0-d0e2-49c1-ab62-2e4157b3c82d,ASHAV HORSE SHOW,,"Sep 25, 2014",https://web.archive.org/web/20141113161735/http://horseshowsonline.com/ShowSelector.aspx
77a7df91-c8d6-4a2a-9b63-f78719b1537a,ST LOUIS NATIONAL CHARITY HORSE SHOW,,"Sep 24, 2014",https://web.archive.org/web/20141113161735/http://horseshowsonline.com/ShowSelector.aspx
caf3efd6-00fc-47ff-b0a8-16d7f7e797cc,LOUISIANA FALL CLASSIC I,,"Sep 24, 2014",https://web.archive.org/web/20141113161735/http://horseshowsonline.com/ShowSelector.aspx
4fda74e7-a79f-4e58-a73d-a3c6a39e4ab4,"SEPTEMBER 21, 2014(CDHJC/TCRA)",,"Sep 21, 2014",https://web.archive.org/web/20141113161735/http://horseshowsonline.com/ShowSelector.aspx
7af14eef-ef93-4264-9997-3c0ec076b373,FIESTA FARM FALL CLASSIC 2014,,"Sep 20, 2014",https://web.archive.org/web/20141113161735/http://horseshowsonline.com/ShowSelector.aspx
cb621ff0-0763-49df-be7d-b99ad71194bf,TRIMBLES RIDGE HORSE SHOW - 2014,,"Sep 20, 2014",https://web.archive.org/web/20141113161735/http://horseshowsonline.com/ShowSelector.aspx
0f7c00ce-58ea-424b-81df-c490f6d39fdd,CAROLINA STARZ 9/20-21/2014,,"Sep 20, 2014",https://web.archive.org/web/20141113161735/http://horseshowsonline.com/ShowSelector.aspx
547ac1c4-ea52-4e11-b2b2-f4f621a86890,PSJ MULLET HALL FALL CLASSIC,,"Sep 20, 2014",https://web.archive.org/web/20141113161735/http://horseshowsonline.com/ShowSelector.aspx
a440f61c-0790-45b1-b9d5-59ff6ab2c49e,CHERYL & CO FALL I & II,,"Sep 20, 2014",https://web.archive.org/web/20141113161735/http://horseshowsonline.com/ShowSelector.aspx
8f88419d-ecfd-452e-850c-faf769b1f807,THOROUGHBRED CELEBRATION HORSE SHOWS,,"Sep 20, 2014",https://web.archive.org/web/20141113161735/http://horseshowsonline.com/ShowSelector.aspx
651fe227-74c7-42b0-b98c-905de31f366b,APPLEWOOD FALL 2014,,"Sep 20, 2014",https://web.archive.org/web/20141113161735/http://horseshowsonline.com/ShowSelector.aspx
8ee875ae-c0dc-451a-9c75-c44c9aa9754f,ROCK CREEK NOVICE HORSE SHOW,,"Sep 19, 2014",https://web.archive.org/web/20141113161735/http://horseshowsonline.com/ShowSelector.aspx
c0d12ca3-9a09-43d6-b231-aa8693f6977f,GREENSBORO DERBY CLASSIC,,"Sep 19, 2014",https://web.archive.org/web/20141113161735/http://horseshowsonline.com/ShowSelector.aspx
e38ef959-8a94-4de9-badf-348f12702324,SOUTHWEST SHOWDOWN,,"Sep 18, 2014",https://web.archive.org/web/20141113161735/http://horseshowsonline.com/ShowSelector.aspx
48a50297-5cdc-4722-b4fe-feaaf615d30c,EASTERN STATES EXPOSITION HORSE SHOW II,,"Sep 18, 2014",https://web.archive.org/web/20141113161735/http://horseshowsonline.com/ShowSelector.aspx
3992cf56-9f25-4181-8ca7-aa5ddc9f67ed,MADISON COUNTY FALL CLASSIC,,"Sep 17, 2014",https://web.archive.org/web/20141113161735/http://horseshowsonline.com/ShowSelector.aspx
152186a0-b72c-4c66-995b-175e664a4a1d,MIDDLEBURG CLASSIC,,"Sep 17, 2014",https://web.archive.org/web/20141113161735/http://horseshowsonline.com/ShowSelector.aspx
791e6f02-9d46-4fbc-83d7-170e0613437c,VHSA ASSOCIATE HUNTER SHOW 9-14-2014,,"Sep 14, 2014",https://web.archive.org/web/20141113161735/http://horseshowsonline.com/ShowSelector.aspx
0da8cbda-2897-4e7d-95c6-8fba7287e814,TRADING COVE TEST SHOW,,"Jul 20, 2014",https://web.archive.org/web/20140707072136/http://horseshowsonline.com/ShowSelector.aspx
08095a4c-0e7f-4259-9627-7c834c0e6ba2,CAMDEN SUMMER CLASSIC,,"Jul 19, 2014",https://web.archive.org/web/20140707072136/http://horseshowsonline.com/ShowSelector.aspx
89db687f-1fbe-41c8-91a4-7739fd86263e,CORNERSTONE SUMMER FESTIVAL 2014,,"Jul 18, 2014",https://web.archive.org/web/20140707072136/http://horseshowsonline.com/ShowSelector.aspx
6aad09eb-2526-4486-9d3b-d0b14b02f8dd,CHARLESTON SUMMER CLASSIC II,,"Jul 15, 2014",https://web.archive.org/web/20140707072136/http://horseshowsonline.com/ShowSelector.aspx
e1db5633-fdd1-45f3-b8c8-0568763efa8a,PSJ JULY CELEBRATION SHOW,,"Jul 12, 2014",https://web.archive.org/web/20140707072136/http://horseshowsonline.com/ShowSelector.aspx
5e4b59b3-07cd-43c8-9855-0db9fa843c9f,MANCHESTER SUMMER FESTIVAL EQUITATION TUESDAY,,"Jul 08, 2014",https://web.archive.org/web/20140707072136/http://horseshowsonline.com/ShowSelector.aspx
3d29bce2-6170-4935-b838-6bc8e1d9ffc1,CHARLESTON SUMMER CLASSIC I,,"Jul 08, 2014",https://web.archive.org/web/20140707072136/http://horseshowsonline.com/ShowSelector.aspx
369f7252-dff4-4bc0-ae36-d198aa2ef279,LEXINGTON JUNIOR LEAGUE HORSE SHOW,,"Jul 07, 2014",https://web.archive.org/web/20140707072136/http://horseshowsonline.com/ShowSelector.aspx
481e7f4c-a5ad-4cac-8cae-0448578b19c7,GARDNERTOWN FARM USEF C RATED HORSE SHOW JULY II,,"Jul 06, 2014",https://web.archive.org/web/20140707072136/http://horseshowsonline.com/ShowSelector.aspx
c4247a06-649a-4471-8c58-1c1b675acc7f,CHERYL & CO AUBURN,,"Jul 05, 2014",https://web.archive.org/web/20140707072136/http://horseshowsonline.com/ShowSelector.aspx
1e11ccd8-ad49-4ecc-89f7-600f6f44f29d,PSJ CAMDEN SUMMER CELEBRATION,,"Jul 05, 2014",https://web.archive.org/web/20140707072136/http://horseshowsonline.com/ShowSelector.aspx
17185902-423c-4a46-8ee1-74d084b1bf25,TRILLIUM @ BLUE STAR #1,,"Jul 04, 2014",https://web.archive.org/web/20140707072136/http://horseshowsonline.com/ShowSelector.aspx
42f8f19e-d3ca-4146-b0f1-e31f4e67100a,42ND ANNUAL PENN OHIO MORGAN SHOW,,"Jul 03, 2014",https://web.archive.org/web/20140707072136/http://horseshowsonline.com/ShowSelector.aspx
78c4a792-934f-4ce0-b36f-38d1177facfa,MID SOUTH CLASSIC,,"Jul 02, 2014",https://web.archive.org/web/20140707072136/http://horseshowsonline.com/ShowSelector.aspx
3d01ccb6-2763-4f86-9fcd-d0a6134d3ed2,VERMONT SUMMER SPECIAL,,"Jul 02, 2014",https://web.archive.org/web/20140707072136/http://horseshowsonline.com/ShowSelector.aspx
9351a33d-68d9-482f-9439-3bc6459cd98c,VERMONT SUMMER SPECIAL EQUITATION TUESDAY,,"Jul 01, 2014",https://web.archive.org/web/20140707072136/http://horseshowsonline.com/ShowSelector.aspx
3f79ca78-c140-4335-8e5b-27e693680070,OX RIDGE JULY I,,"Jul 01, 2014",https://web.archive.org/web/20140707072136/http://horseshowsonline.com/ShowSelector.aspx
6b26bfdd-6c9a-4721-9574-b4037826bbda,STEPPING STONE FARM,,"Jun 29, 2014",https://web.archive.org/web/20140707072136/http://horseshowsonline.com/ShowSelector.aspx
0f12ef8f-045a-4cc5-8205-8cd6e70eb947,GARDNERTOWN FARM USEF C RATED HORSE SHOW,,"Jun 28, 2014",https://web.archive.org/web/20140707072136/http://horseshowsonline.com/ShowSelector.aspx
2c8f706c-f104-4a9a-80f7-a1a2a8e5f78e,HORSE SHOW VENTURES - JUNE,,"Jun 28, 2014",https://web.archive.org/web/20140707072136/http://horseshowsonline.com/ShowSelector.aspx
564e3aec-3f40-4a46-9f66-6ba43dcd8c01,SUMMERS HERE NATIONAL SHOW,,"Jun 27, 2014",https://web.archive.org/web/20140707072136/http://horseshowsonline.com/ShowSelector.aspx
dc6ddb63-6bbf-4b2e-9f5f-41f705d086da,CHERYL & CO SUMMER I & II,,"Jun 27, 2014",https://web.archive.org/web/20140707072136/http://horseshowsonline.com/ShowSelector.aspx
b050d5e4-6647-4a91-be36-1beaf2ba5473,BUCKEYE BAROQUE SUMMER JUBILEE,,"Jun 27, 2014",https://web.archive.org/web/20140707072136/http://horseshowsonline.com/ShowSelector.aspx
c77928d4-27ec-466d-899a-dedb9e9cc443,SUMMER VHSA ASSOCIATES HORSE SHOW,,"Jun 27, 2014",https://web.archive.org/web/20140707072136/http://horseshowsonline.com/ShowSelector.aspx
0b985c54-d7f1-4f1d-ab88-626e83d2ab54,KVHA JUNE 2014 OPEN SHOW,,"Jun 27, 2014",https://web.archive.org/web/20140707072136/http://horseshowsonline.com/ShowSelector.aspx
58f4c658-3042-4b63-a489-038fe2df90f0,MISSOURI FOX TROTTNG SUPER HORSE COMPETITION,,"Jun 26, 2014",https://web.archive.org/web/20140707072136/http://horseshowsonline.com/ShowSelector.aspx
9d9b7655-00e4-41ee-b66a-7deeb37e8f1b,BROWNLAND FARM SUMMER,,"Jun 25, 2014",https://web.archive.org/web/20140707072136/http://horseshowsonline.com/ShowSelector.aspx
be477035-264d-4a0f-b093-bbf48469f657,NCHJA ANNUAL HORSE SHOW,,"Jun 25, 2014",https://web.archive.org/web/20140707072136/http://horseshowsonline.com/ShowSelector.aspx
e37a4be8-87d4-4fbf-b071-805eecddfc2c,WARRENTON PONY SHOW,,"Jun 25, 2014",https://web.archive.org/web/20140707072136/http://horseshowsonline.com/ShowSelector.aspx
2ae66a7a-dd45-49f0-9160-cdd8e1be8f4c,HOUSE MOUNTAIN HORSE SHOW II,,"Jun 24, 2014",https://web.archive.org/web/20140707072136/http://horseshowsonline.com/ShowSelector.aspx
cbc3623a-4320-4b92-998d-cdc4ae79cfab,OLD SALEM FARM,,"Jun 22, 2014",https://web.archive.org/web/20140707072136/http://horseshowsonline.com/ShowSelector.aspx
027e77d0-2c8b-4d52-aa13-d5365410c1e9,FANTASY SCHOOLING SHOW II,,"Jun 21, 2014",https://web.archive.org/web/20140707072136/http://horseshowsonline.com/ShowSelector.aspx
0de09adb-d951-4422-9ce8-f3b797285d6d,SONRISE STABLES SPRING SCHOOLING SHOW,,"Jun 21, 2014",https://web.archive.org/web/20140707072136/http://horseshowsonline.com/ShowSelector.aspx
e1f90036-6b44-4e3f-bf21-60a7d7c59264,ELITE SHOW JUMPING JUNE,,"Jun 21, 2014",https://web.archive.org/web/20140707072136/http://horseshowsonline.com/ShowSelector.aspx
abac761c-a07c-4381-81ca-2f8248b4f6de,"CHF SCEC JUNE 21, 2014",,"Jun 21, 2014",https://web.archive.org/web/20140707072136/http://horseshowsonline.com/ShowSelector.aspx
958bb3fe-5add-4400-a859-c28106682644,WINDY OAKS SUMMER SPLASH I & II,,"Jun 21, 2014",https://web.archive.org/web/20140707072136/http://horseshowsonline.com/ShowSelector.aspx
e80b063e-37cd-4fc3-b6e3-35585a801f21,PSJ HIGHFIELDS JUNE,,"Jun 21, 2014",https://web.archive.org/web/20140707072136/http://horseshowsonline.com/ShowSelector.aspx
